{
  "value": [
    41.666666666666664,
    41.145833333333336,
    81.24999999999999,
    40.104166666666664,
    39.58333333333333,
    39.0625,
    77.08333333333334,
    152.08333333333331,
    75.0,
    73.95833333333331,
    36.45833333333333,
    71.875,
    141.66666666666666,
    69.79166666666667,
    68.74999999999999,
    67.70833333333333,
    33.333333333333336,
    32.81249999999999,
    32.291666666666664,
    63.541666666666664,
    31.25,
    30.729166666666668,
    30.208333333333336,
    59.375,
    0.0,
    0.0,
    0.0,
    0.0,
    0.0,
    0.0,
    0.0,
    0.0,
    0.0,
    0.0,
    0.0,
    0.0,
    0.0,
    0.0,
    0.0,
    0.0,
    0.0,
    0.0,
    0.0,
    0.0,
    0.0,
    0.0,
    0.0,
    0.0,
    0.0,
    0.0
  ],
  "timestamp": 1757764870.1633902,
  "ttl": 86400
}